<?xml version="1.0" encoding="UTF-8"?>
<office:document-content xmlns:office="urn:oasis:names:tc:opendocument:xmlns:office:1.0" xmlns:style="urn:oasis:names:tc:opendocument:xmlns:style:1.0" xmlns:text="urn:oasis:names:tc:opendocument:xmlns:text:1.0" xmlns:table="urn:oasis:names:tc:opendocument:xmlns:table:1.0" xmlns:draw="urn:oasis:names:tc:opendocument:xmlns:drawing:1.0" xmlns:fo="urn:oasis:names:tc:opendocument:xmlns:xsl-fo-compatible:1.0" xmlns:xlink="http://www.w3.org/1999/xlink" xmlns:dc="http://purl.org/dc/elements/1.1/" xmlns:meta="urn:oasis:names:tc:opendocument:xmlns:meta:1.0" xmlns:number="urn:oasis:names:tc:opendocument:xmlns:datastyle:1.0" xmlns:presentation="urn:oasis:names:tc:opendocument:xmlns:presentation:1.0" xmlns:svg="urn:oasis:names:tc:opendocument:xmlns:svg-compatible:1.0" xmlns:chart="urn:oasis:names:tc:opendocument:xmlns:chart:1.0" xmlns:dr3d="urn:oasis:names:tc:opendocument:xmlns:dr3d:1.0" xmlns:math="http://www.w3.org/1998/Math/MathML" xmlns:form="urn:oasis:names:tc:opendocument:xmlns:form:1.0" xmlns:script="urn:oasis:names:tc:opendocument:xmlns:script:1.0" xmlns:ooo="http://openoffice.org/2004/office" xmlns:ooow="http://openoffice.org/2004/writer" xmlns:oooc="http://openoffice.org/2004/calc" xmlns:dom="http://www.w3.org/2001/xml-events" xmlns:xforms="http://www.w3.org/2002/xforms" xmlns:xsd="http://www.w3.org/2001/XMLSchema" xmlns:xsi="http://www.w3.org/2001/XMLSchema-instance" xmlns:rpt="http://openoffice.org/2005/report" xmlns:of="urn:oasis:names:tc:opendocument:xmlns:of:1.2" xmlns:xhtml="http://www.w3.org/1999/xhtml" xmlns:grddl="http://www.w3.org/2003/g/data-view#" xmlns:tableooo="http://openoffice.org/2009/table" xmlns:drawooo="http://openoffice.org/2010/draw" xmlns:calcext="urn:org:documentfoundation:names:experimental:calc:xmlns:calcext:1.0" xmlns:loext="urn:org:documentfoundation:names:experimental:office:xmlns:loext:1.0" xmlns:field="urn:openoffice:names:experimental:ooo-ms-interop:xmlns:field:1.0" xmlns:formx="urn:openoffice:names:experimental:ooxml-odf-interop:xmlns:form:1.0" xmlns:css3t="http://www.w3.org/TR/css3-text/" office:version="1.2"><office:scripts/><office:font-face-decls><style:font-face style:name="Liberation Sans" svg:font-family="&apos;Liberation Sans&apos;" style:font-family-generic="swiss" style:font-pitch="variable"/><style:font-face style:name="Mangal" svg:font-family="Mangal" style:font-family-generic="system" style:font-pitch="variable"/><style:font-face style:name="Microsoft YaHei" svg:font-family="&apos;Microsoft YaHei&apos;" style:font-family-generic="system" style:font-pitch="variable"/><style:font-face style:name="Segoe UI" svg:font-family="&apos;Segoe UI&apos;" style:font-family-generic="system" style:font-pitch="variable"/><style:font-face style:name="Tahoma" svg:font-family="Tahoma" style:font-family-generic="system" style:font-pitch="variable"/></office:font-face-decls><office:automatic-styles><style:style style:name="co1" style:family="table-column"><style:table-column-properties fo:break-before="auto" style:column-width="22.58mm"/></style:style><style:style style:name="ro1" style:family="table-row"><style:table-row-properties style:row-height="4.52mm" fo:break-before="auto" style:use-optimal-row-height="true"/></style:style><style:style style:name="ta1" style:family="table" style:master-page-name="Default"><style:table-properties table:display="true" style:writing-mode="lr-tb"/></style:style></office:automatic-styles><office:body><office:spreadsheet><table:table table:name="SSDC1" table:style-name="ta1"><table:table-column table:style-name="co1" table:number-columns-repeated="4" table:default-cell-style-name="Default"/><table:table-row table:style-name="ro1"><table:table-cell office:value-type="string" calcext:value-type="string"><text:p>a1</text:p></table:table-cell><table:table-cell office:value-type="string" calcext:value-type="string"><text:p>b1</text:p></table:table-cell><table:table-cell office:value-type="string" calcext:value-type="string"><text:p>c1</text:p></table:table-cell><table:table-cell office:value-type="string" calcext:value-type="string"><text:p>d1</text:p></table:table-cell></table:table-row><table:table-row table:style-name="ro1"><table:table-cell office:value-type="string" calcext:value-type="string"><text:p>a2</text:p></table:table-cell><table:table-cell office:value-type="string" calcext:value-type="string"><text:p>b2</text:p></table:table-cell><table:table-cell office:value-type="string" calcext:value-type="string"><text:p>c2</text:p></table:table-cell><table:table-cell office:value-type="string" calcext:value-type="string"><text:p>d2</text:p></table:table-cell></table:table-row><table:table-row table:style-name="ro1"><table:table-cell office:value-type="string" calcext:value-type="string"><text:p>a3</text:p></table:table-cell><table:table-cell office:value-type="string" calcext:value-type="string"><text:p>b3</text:p></table:table-cell><table:table-cell office:value-type="string" calcext:value-type="string"><text:p>c3</text:p></table:table-cell><table:table-cell office:value-type="string" calcext:value-type="string"><text:p>d3</text:p></table:table-cell></table:table-row><table:table-row table:style-name="ro1"><table:table-cell office:value-type="string" calcext:value-type="string"><text:p>a4</text:p></table:table-cell><table:table-cell office:value-type="string" calcext:value-type="string"><text:p>b4</text:p></table:table-cell><table:table-cell office:value-type="string" calcext:value-type="string"><text:p>c4</text:p></table:table-cell><table:table-cell office:value-type="string" calcext:value-type="string"><text:p>d4</text:p></table:table-cell></table:table-row><table:table-row table:style-name="ro1"><table:table-cell office:value-type="string" calcext:value-type="string"><text:p>a5</text:p></table:table-cell><table:table-cell office:value-type="string" calcext:value-type="string"><text:p>b5</text:p></table:table-cell><table:table-cell office:value-type="string" calcext:value-type="string"><text:p>c5</text:p></table:table-cell><table:table-cell office:value-type="string" calcext:value-type="string"><text:p>d5</text:p></table:table-cell></table:table-row><table:table-row table:style-name="ro1"><table:table-cell office:value-type="string" calcext:value-type="string"><text:p>a6</text:p></table:table-cell><table:table-cell office:value-type="string" calcext:value-type="string"><text:p>b6</text:p></table:table-cell><table:table-cell office:value-type="string" calcext:value-type="string"><text:p>c6</text:p></table:table-cell><table:table-cell office:value-type="string" calcext:value-type="string"><text:p>d6</text:p></table:table-cell></table:table-row><table:table-row table:style-name="ro1"><table:table-cell office:value-type="string" calcext:value-type="string"><text:p>a7</text:p></table:table-cell><table:table-cell office:value-type="string" calcext:value-type="string"><text:p>b7</text:p></table:table-cell><table:table-cell office:value-type="string" calcext:value-type="string"><text:p>c7</text:p></table:table-cell><table:table-cell office:value-type="string" calcext:value-type="string"><text:p>d7</text:p></table:table-cell></table:table-row><table:table-row table:style-name="ro1"><table:table-cell office:value-type="string" calcext:value-type="string"><text:p>a8</text:p></table:table-cell><table:table-cell office:value-type="string" calcext:value-type="string"><text:p>b8</text:p></table:table-cell><table:table-cell office:value-type="string" calcext:value-type="string"><text:p>c8</text:p></table:table-cell><table:table-cell office:value-type="string" calcext:value-type="string"><text:p>d8</text:p></table:table-cell></table:table-row><table:table-row table:style-name="ro1"><table:table-cell office:value-type="string" calcext:value-type="string"><text:p>a9</text:p></table:table-cell><table:table-cell office:value-type="string" calcext:value-type="string"><text:p>b9</text:p></table:table-cell><table:table-cell office:value-type="string" calcext:value-type="string"><text:p>c9</text:p></table:table-cell><table:table-cell office:value-type="string" calcext:value-type="string"><text:p>d9</text:p></table:table-cell></table:table-row><table:table-row table:style-name="ro1"><table:table-cell office:value-type="string" calcext:value-type="string"><text:p>a10</text:p></table:table-cell><table:table-cell office:value-type="string" calcext:value-type="string"><text:p>b10</text:p></table:table-cell><table:table-cell office:value-type="string" calcext:value-type="string"><text:p>c10</text:p></table:table-cell><table:table-cell office:value-type="string" calcext:value-type="string"><text:p>d10</text:p></table:table-cell></table:table-row><table:table-row table:style-name="ro1"><table:table-cell office:value-type="string" calcext:value-type="string"><text:p>a11</text:p></table:table-cell><table:table-cell office:value-type="string" calcext:value-type="string"><text:p>b11</text:p></table:table-cell><table:table-cell office:value-type="string" calcext:value-type="string"><text:p>c11</text:p></table:table-cell><table:table-cell office:value-type="string" calcext:value-type="string"><text:p>d11</text:p></table:table-cell></table:table-row><table:table-row table:style-name="ro1"><table:table-cell office:value-type="string" calcext:value-type="string"><text:p>a12</text:p></table:table-cell><table:table-cell office:value-type="string" calcext:value-type="string"><text:p>b12</text:p></table:table-cell><table:table-cell office:value-type="string" calcext:value-type="string"><text:p>c12</text:p></table:table-cell><table:table-cell office:value-type="string" calcext:value-type="string"><text:p>d12</text:p></table:table-cell></table:table-row><table:table-row table:style-name="ro1"><table:table-cell office:value-type="string" calcext:value-type="string"><text:p>a13</text:p></table:table-cell><table:table-cell office:value-type="string" calcext:value-type="string"><text:p>b13</text:p></table:table-cell><table:table-cell office:value-type="string" calcext:value-type="string"><text:p>c13</text:p></table:table-cell><table:table-cell office:value-type="string" calcext:value-type="string"><text:p>d13</text:p></table:table-cell></table:table-row><table:table-row table:style-name="ro1"><table:table-cell office:value-type="string" calcext:value-type="string"><text:p>a14</text:p></table:table-cell><table:table-cell office:value-type="string" calcext:value-type="string"><text:p>b14</text:p></table:table-cell><table:table-cell office:value-type="string" calcext:value-type="string"><text:p>c14</text:p></table:table-cell><table:table-cell office:value-type="string" calcext:value-type="string"><text:p>d14</text:p></table:table-cell></table:table-row><table:table-row table:style-name="ro1"><table:table-cell office:value-type="string" calcext:value-type="string"><text:p>a15</text:p></table:table-cell><table:table-cell office:value-type="string" calcext:value-type="string"><text:p>b15</text:p></table:table-cell><table:table-cell office:value-type="string" calcext:value-type="string"><text:p>c15</text:p></table:table-cell><table:table-cell office:value-type="string" calcext:value-type="string"><text:p>d15</text:p></table:table-cell></table:table-row><table:table-row table:style-name="ro1"><table:table-cell office:value-type="string" calcext:value-type="string"><text:p>a16</text:p></table:table-cell><table:table-cell office:value-type="string" calcext:value-type="string"><text:p>b16</text:p></table:table-cell><table:table-cell office:value-type="string" calcext:value-type="string"><text:p>c16</text:p></table:table-cell><table:table-cell office:value-type="string" calcext:value-type="string"><text:p>d16</text:p></table:table-cell></table:table-row><table:table-row table:style-name="ro1"><table:table-cell office:value-type="string" calcext:value-type="string"><text:p>a17</text:p></table:table-cell><table:table-cell office:value-type="string" calcext:value-type="string"><text:p>b17</text:p></table:table-cell><table:table-cell office:value-type="string" calcext:value-type="string"><text:p>c17</text:p></table:table-cell><table:table-cell office:value-type="string" calcext:value-type="string"><text:p>d17</text:p></table:table-cell></table:table-row><table:table-row table:style-name="ro1"><table:table-cell office:value-type="string" calcext:value-type="string"><text:p>a18</text:p></table:table-cell><table:table-cell office:value-type="string" calcext:value-type="string"><text:p>b18</text:p></table:table-cell><table:table-cell office:value-type="string" calcext:value-type="string"><text:p>c18</text:p></table:table-cell><table:table-cell office:value-type="string" calcext:value-type="string"><text:p>d18</text:p></table:table-cell></table:table-row><table:table-row table:style-name="ro1"><table:table-cell office:value-type="string" calcext:value-type="string"><text:p>a19</text:p></table:table-cell><table:table-cell office:value-type="string" calcext:value-type="string"><text:p>b19</text:p></table:table-cell><table:table-cell office:value-type="string" calcext:value-type="string"><text:p>c19</text:p></table:table-cell><table:table-cell office:value-type="string" calcext:value-type="string"><text:p>d19</text:p></table:table-cell></table:table-row><table:table-row table:style-name="ro1"><table:table-cell office:value-type="string" calcext:value-type="string"><text:p>a20</text:p></table:table-cell><table:table-cell office:value-type="string" calcext:value-type="string"><text:p>b20</text:p></table:table-cell><table:table-cell office:value-type="string" calcext:value-type="string"><text:p>c20</text:p></table:table-cell><table:table-cell office:value-type="string" calcext:value-type="string"><text:p>d20</text:p></table:table-cell></table:table-row><table:table-row table:style-name="ro1"><table:table-cell office:value-type="string" calcext:value-type="string"><text:p>a21</text:p></table:table-cell><table:table-cell office:value-type="string" calcext:value-type="string"><text:p>b21</text:p></table:table-cell><table:table-cell office:value-type="string" calcext:value-type="string"><text:p>c21</text:p></table:table-cell><table:table-cell office:value-type="string" calcext:value-type="string"><text:p>d21</text:p></table:table-cell></table:table-row><table:table-row table:style-name="ro1"><table:table-cell office:value-type="string" calcext:value-type="string"><text:p>a22</text:p></table:table-cell><table:table-cell office:value-type="string" calcext:value-type="string"><text:p>b22</text:p></table:table-cell><table:table-cell office:value-type="string" calcext:value-type="string"><text:p>c22</text:p></table:table-cell><table:table-cell office:value-type="string" calcext:value-type="string"><text:p>d22</text:p></table:table-cell></table:table-row><table:table-row table:style-name="ro1"><table:table-cell office:value-type="string" calcext:value-type="string"><text:p>a23</text:p></table:table-cell><table:table-cell office:value-type="string" calcext:value-type="string"><text:p>b23</text:p></table:table-cell><table:table-cell office:value-type="string" calcext:value-type="string"><text:p>c23</text:p></table:table-cell><table:table-cell office:value-type="string" calcext:value-type="string"><text:p>d23</text:p></table:table-cell></table:table-row><table:table-row table:style-name="ro1"><table:table-cell office:value-type="string" calcext:value-type="string"><text:p>a24</text:p></table:table-cell><table:table-cell office:value-type="string" calcext:value-type="string"><text:p>b24</text:p></table:table-cell><table:table-cell office:value-type="string" calcext:value-type="string"><text:p>c24</text:p></table:table-cell><table:table-cell office:value-type="string" calcext:value-type="string"><text:p>d24</text:p></table:table-cell></table:table-row></table:table><table:table table:name="SSDC2" table:style-name="ta1"><table:table-column table:style-name="co1" table:number-columns-repeated="7" table:default-cell-style-name="Default"/><table:table-row table:style-name="ro1" table:number-rows-repeated="5"><table:table-cell table:number-columns-repeated="7"/></table:table-row><table:table-row table:style-name="ro1"><table:table-cell table:number-columns-repeated="2"/><table:table-cell office:value-type="string" calcext:value-type="string"><text:p>aa1</text:p></table:table-cell><table:table-cell office:value-type="string" calcext:value-type="string"><text:p>bb1</text:p></table:table-cell><table:table-cell office:value-type="string" calcext:value-type="string"><text:p>cc1</text:p></table:table-cell><table:table-cell office:value-type="string" calcext:value-type="string"><text:p>dd1</text:p></table:table-cell><table:table-cell office:value-type="string" calcext:value-type="string"><text:p>ee1</text:p></table:table-cell></table:table-row><table:table-row table:style-name="ro1"><table:table-cell table:number-columns-repeated="2"/><table:table-cell office:value-type="string" calcext:value-type="string"><text:p>aa2</text:p></table:table-cell><table:table-cell office:value-type="string" calcext:value-type="string"><text:p>bb2</text:p></table:table-cell><table:table-cell office:value-type="string" calcext:value-type="string"><text:p>cc2</text:p></table:table-cell><table:table-cell office:value-type="string" calcext:value-type="string"><text:p>dd2</text:p></table:table-cell><table:table-cell office:value-type="string" calcext:value-type="string"><text:p>ee2</text:p></table:table-cell></table:table-row><table:table-row table:style-name="ro1"><table:table-cell table:number-columns-repeated="2"/><table:table-cell office:value-type="string" calcext:value-type="string"><text:p>aa3</text:p></table:table-cell><table:table-cell office:value-type="string" calcext:value-type="string"><text:p>bb3</text:p></table:table-cell><table:table-cell office:value-type="string" calcext:value-type="string"><text:p>cc3</text:p></table:table-cell><table:table-cell office:value-type="string" calcext:value-type="string"><text:p>dd3</text:p></table:table-cell><table:table-cell office:value-type="string" calcext:value-type="string"><text:p>ee3</text:p></table:table-cell></table:table-row><table:table-row table:style-name="ro1"><table:table-cell table:number-columns-repeated="2"/><table:table-cell office:value-type="string" calcext:value-type="string"><text:p>aa4</text:p></table:table-cell><table:table-cell office:value-type="string" calcext:value-type="string"><text:p>bb4</text:p></table:table-cell><table:table-cell office:value-type="string" calcext:value-type="string"><text:p>cc4</text:p></table:table-cell><table:table-cell office:value-type="string" calcext:value-type="string"><text:p>dd4</text:p></table:table-cell><table:table-cell office:value-type="string" calcext:value-type="string"><text:p>ee4</text:p></table:table-cell></table:table-row><table:table-row table:style-name="ro1"><table:table-cell table:number-columns-repeated="2"/><table:table-cell office:value-type="string" calcext:value-type="string"><text:p>aa5</text:p></table:table-cell><table:table-cell office:value-type="string" calcext:value-type="string"><text:p>bb5</text:p></table:table-cell><table:table-cell office:value-type="string" calcext:value-type="string"><text:p>cc5</text:p></table:table-cell><table:table-cell office:value-type="string" calcext:value-type="string"><text:p>dd5</text:p></table:table-cell><table:table-cell office:value-type="string" calcext:value-type="string"><text:p>ee5</text:p></table:table-cell></table:table-row><table:table-row table:style-name="ro1"><table:table-cell table:number-columns-repeated="2"/><table:table-cell office:value-type="string" calcext:value-type="string"><text:p>aa6</text:p></table:table-cell><table:table-cell office:value-type="string" calcext:value-type="string"><text:p>bb6</text:p></table:table-cell><table:table-cell office:value-type="string" calcext:value-type="string"><text:p>cc6</text:p></table:table-cell><table:table-cell office:value-type="string" calcext:value-type="string"><text:p>dd6</text:p></table:table-cell><table:table-cell office:value-type="string" calcext:value-type="string"><text:p>ee6</text:p></table:table-cell></table:table-row><table:table-row table:style-name="ro1"><table:table-cell table:number-columns-repeated="2"/><table:table-cell office:value-type="string" calcext:value-type="string"><text:p>aa7</text:p></table:table-cell><table:table-cell office:value-type="string" calcext:value-type="string"><text:p>bb7</text:p></table:table-cell><table:table-cell office:value-type="string" calcext:value-type="string"><text:p>cc7</text:p></table:table-cell><table:table-cell office:value-type="string" calcext:value-type="string"><text:p>dd7</text:p></table:table-cell><table:table-cell office:value-type="string" calcext:value-type="string"><text:p>ee7</text:p></table:table-cell></table:table-row><table:table-row table:style-name="ro1"><table:table-cell table:number-columns-repeated="2"/><table:table-cell office:value-type="string" calcext:value-type="string"><text:p>aa8</text:p></table:table-cell><table:table-cell office:value-type="string" calcext:value-type="string"><text:p>bb8</text:p></table:table-cell><table:table-cell office:value-type="string" calcext:value-type="string"><text:p>cc8</text:p></table:table-cell><table:table-cell office:value-type="string" calcext:value-type="string"><text:p>dd8</text:p></table:table-cell><table:table-cell office:value-type="string" calcext:value-type="string"><text:p>ee8</text:p></table:table-cell></table:table-row><table:table-row table:style-name="ro1"><table:table-cell table:number-columns-repeated="2"/><table:table-cell office:value-type="string" calcext:value-type="string"><text:p>aa9</text:p></table:table-cell><table:table-cell office:value-type="string" calcext:value-type="string"><text:p>bb9</text:p></table:table-cell><table:table-cell office:value-type="string" calcext:value-type="string"><text:p>cc9</text:p></table:table-cell><table:table-cell office:value-type="string" calcext:value-type="string"><text:p>dd9</text:p></table:table-cell><table:table-cell office:value-type="string" calcext:value-type="string"><text:p>ee9</text:p></table:table-cell></table:table-row><table:table-row table:style-name="ro1"><table:table-cell table:number-columns-repeated="2"/><table:table-cell office:value-type="string" calcext:value-type="string"><text:p>aa10</text:p></table:table-cell><table:table-cell office:value-type="string" calcext:value-type="string"><text:p>bb10</text:p></table:table-cell><table:table-cell office:value-type="string" calcext:value-type="string"><text:p>cc10</text:p></table:table-cell><table:table-cell office:value-type="string" calcext:value-type="string"><text:p>dd10</text:p></table:table-cell><table:table-cell office:value-type="string" calcext:value-type="string"><text:p>ee10</text:p></table:table-cell></table:table-row><table:table-row table:style-name="ro1"><table:table-cell table:number-columns-repeated="2"/><table:table-cell office:value-type="string" calcext:value-type="string"><text:p>aa11</text:p></table:table-cell><table:table-cell office:value-type="string" calcext:value-type="string"><text:p>bb11</text:p></table:table-cell><table:table-cell office:value-type="string" calcext:value-type="string"><text:p>cc11</text:p></table:table-cell><table:table-cell office:value-type="string" calcext:value-type="string"><text:p>dd11</text:p></table:table-cell><table:table-cell office:value-type="string" calcext:value-type="string"><text:p>ee11</text:p></table:table-cell></table:table-row><table:table-row table:style-name="ro1"><table:table-cell table:number-columns-repeated="2"/><table:table-cell office:value-type="string" calcext:value-type="string"><text:p>aa12</text:p></table:table-cell><table:table-cell office:value-type="string" calcext:value-type="string"><text:p>bb12</text:p></table:table-cell><table:table-cell office:value-type="string" calcext:value-type="string"><text:p>cc12</text:p></table:table-cell><table:table-cell office:value-type="string" calcext:value-type="string"><text:p>dd12</text:p></table:table-cell><table:table-cell office:value-type="string" calcext:value-type="string"><text:p>ee12</text:p></table:table-cell></table:table-row><table:table-row table:style-name="ro1"><table:table-cell table:number-columns-repeated="2"/><table:table-cell office:value-type="string" calcext:value-type="string"><text:p>aa13</text:p></table:table-cell><table:table-cell office:value-type="string" calcext:value-type="string"><text:p>bb13</text:p></table:table-cell><table:table-cell office:value-type="string" calcext:value-type="string"><text:p>cc13</text:p></table:table-cell><table:table-cell office:value-type="string" calcext:value-type="string"><text:p>dd13</text:p></table:table-cell><table:table-cell office:value-type="string" calcext:value-type="string"><text:p>ee13</text:p></table:table-cell></table:table-row><table:table-row table:style-name="ro1"><table:table-cell table:number-columns-repeated="2"/><table:table-cell office:value-type="string" calcext:value-type="string"><text:p>aa14</text:p></table:table-cell><table:table-cell office:value-type="string" calcext:value-type="string"><text:p>bb14</text:p></table:table-cell><table:table-cell office:value-type="string" calcext:value-type="string"><text:p>cc14</text:p></table:table-cell><table:table-cell office:value-type="string" calcext:value-type="string"><text:p>dd14</text:p></table:table-cell><table:table-cell office:value-type="string" calcext:value-type="string"><text:p>ee14</text:p></table:table-cell></table:table-row><table:table-row table:style-name="ro1"><table:table-cell table:number-columns-repeated="2"/><table:table-cell office:value-type="string" calcext:value-type="string"><text:p>aa15</text:p></table:table-cell><table:table-cell office:value-type="string" calcext:value-type="string"><text:p>bb15</text:p></table:table-cell><table:table-cell office:value-type="string" calcext:value-type="string"><text:p>cc15</text:p></table:table-cell><table:table-cell office:value-type="string" calcext:value-type="string"><text:p>dd15</text:p></table:table-cell><table:table-cell office:value-type="string" calcext:value-type="string"><text:p>ee15</text:p></table:table-cell></table:table-row><table:table-row table:style-name="ro1"><table:table-cell table:number-columns-repeated="2"/><table:table-cell office:value-type="string" calcext:value-type="string"><text:p>aa16</text:p></table:table-cell><table:table-cell office:value-type="string" calcext:value-type="string"><text:p>bb16</text:p></table:table-cell><table:table-cell office:value-type="string" calcext:value-type="string"><text:p>cc16</text:p></table:table-cell><table:table-cell office:value-type="string" calcext:value-type="string"><text:p>dd16</text:p></table:table-cell><table:table-cell office:value-type="string" calcext:value-type="string"><text:p>ee16</text:p></table:table-cell></table:table-row><table:table-row table:style-name="ro1"><table:table-cell table:number-columns-repeated="2"/><table:table-cell office:value-type="string" calcext:value-type="string"><text:p>aa17</text:p></table:table-cell><table:table-cell office:value-type="string" calcext:value-type="string"><text:p>bb17</text:p></table:table-cell><table:table-cell office:value-type="string" calcext:value-type="string"><text:p>cc17</text:p></table:table-cell><table:table-cell office:value-type="string" calcext:value-type="string"><text:p>dd17</text:p></table:table-cell><table:table-cell office:value-type="string" calcext:value-type="string"><text:p>ee17</text:p></table:table-cell></table:table-row><table:table-row table:style-name="ro1"><table:table-cell table:number-columns-repeated="2"/><table:table-cell office:value-type="string" calcext:value-type="string"><text:p>aa18</text:p></table:table-cell><table:table-cell office:value-type="string" calcext:value-type="string"><text:p>bb18</text:p></table:table-cell><table:table-cell office:value-type="string" calcext:value-type="string"><text:p>cc18</text:p></table:table-cell><table:table-cell office:value-type="string" calcext:value-type="string"><text:p>dd18</text:p></table:table-cell><table:table-cell office:value-type="string" calcext:value-type="string"><text:p>ee18</text:p></table:table-cell></table:table-row><table:table-row table:style-name="ro1"><table:table-cell table:number-columns-repeated="2"/><table:table-cell office:value-type="string" calcext:value-type="string"><text:p>aa19</text:p></table:table-cell><table:table-cell office:value-type="string" calcext:value-type="string"><text:p>bb19</text:p></table:table-cell><table:table-cell office:value-type="string" calcext:value-type="string"><text:p>cc19</text:p></table:table-cell><table:table-cell office:value-type="string" calcext:value-type="string"><text:p>dd19</text:p></table:table-cell><table:table-cell office:value-type="string" calcext:value-type="string"><text:p>ee19</text:p></table:table-cell></table:table-row><table:table-row table:style-name="ro1"><table:table-cell table:number-columns-repeated="2"/><table:table-cell office:value-type="string" calcext:value-type="string"><text:p>aa20</text:p></table:table-cell><table:table-cell office:value-type="string" calcext:value-type="string"><text:p>bb20</text:p></table:table-cell><table:table-cell office:value-type="string" calcext:value-type="string"><text:p>cc20</text:p></table:table-cell><table:table-cell office:value-type="string" calcext:value-type="string"><text:p>dd20</text:p></table:table-cell><table:table-cell office:value-type="string" calcext:value-type="string"><text:p>ee20</text:p></table:table-cell></table:table-row><table:table-row table:style-name="ro1"><table:table-cell table:number-columns-repeated="2"/><table:table-cell office:value-type="string" calcext:value-type="string"><text:p>aa21</text:p></table:table-cell><table:table-cell office:value-type="string" calcext:value-type="string"><text:p>bb21</text:p></table:table-cell><table:table-cell office:value-type="string" calcext:value-type="string"><text:p>cc21</text:p></table:table-cell><table:table-cell office:value-type="string" calcext:value-type="string"><text:p>dd21</text:p></table:table-cell><table:table-cell office:value-type="string" calcext:value-type="string"><text:p>ee21</text:p></table:table-cell></table:table-row><table:table-row table:style-name="ro1"><table:table-cell table:number-columns-repeated="2"/><table:table-cell office:value-type="string" calcext:value-type="string"><text:p>aa22</text:p></table:table-cell><table:table-cell office:value-type="string" calcext:value-type="string"><text:p>bb22</text:p></table:table-cell><table:table-cell office:value-type="string" calcext:value-type="string"><text:p>cc22</text:p></table:table-cell><table:table-cell office:value-type="string" calcext:value-type="string"><text:p>dd22</text:p></table:table-cell><table:table-cell office:value-type="string" calcext:value-type="string"><text:p>ee22</text:p></table:table-cell></table:table-row><table:table-row table:style-name="ro1"><table:table-cell table:number-columns-repeated="2"/><table:table-cell office:value-type="string" calcext:value-type="string"><text:p>aa23</text:p></table:table-cell><table:table-cell office:value-type="string" calcext:value-type="string"><text:p>bb23</text:p></table:table-cell><table:table-cell office:value-type="string" calcext:value-type="string"><text:p>cc23</text:p></table:table-cell><table:table-cell office:value-type="string" calcext:value-type="string"><text:p>dd23</text:p></table:table-cell><table:table-cell office:value-type="string" calcext:value-type="string"><text:p>ee23</text:p></table:table-cell></table:table-row><table:table-row table:style-name="ro1"><table:table-cell table:number-columns-repeated="2"/><table:table-cell office:value-type="string" calcext:value-type="string"><text:p>aa24</text:p></table:table-cell><table:table-cell office:value-type="string" calcext:value-type="string"><text:p>bb24</text:p></table:table-cell><table:table-cell office:value-type="string" calcext:value-type="string"><text:p>cc24</text:p></table:table-cell><table:table-cell office:value-type="string" calcext:value-type="string"><text:p>dd24</text:p></table:table-cell><table:table-cell office:value-type="string" calcext:value-type="string"><text:p>ee24</text:p></table:table-cell></table:table-row><table:table-row table:style-name="ro1"><table:table-cell table:number-columns-repeated="2"/><table:table-cell office:value-type="string" calcext:value-type="string"><text:p>aa25</text:p></table:table-cell><table:table-cell office:value-type="string" calcext:value-type="string"><text:p>bb25</text:p></table:table-cell><table:table-cell office:value-type="string" calcext:value-type="string"><text:p>cc25</text:p></table:table-cell><table:table-cell office:value-type="string" calcext:value-type="string"><text:p>dd25</text:p></table:table-cell><table:table-cell office:value-type="string" calcext:value-type="string"><text:p>ee25</text:p></table:table-cell></table:table-row><table:table-row table:style-name="ro1"><table:table-cell table:number-columns-repeated="2"/><table:table-cell office:value-type="string" calcext:value-type="string"><text:p>aa26</text:p></table:table-cell><table:table-cell office:value-type="string" calcext:value-type="string"><text:p>bb26</text:p></table:table-cell><table:table-cell office:value-type="string" calcext:value-type="string"><text:p>cc26</text:p></table:table-cell><table:table-cell office:value-type="string" calcext:value-type="string"><text:p>dd26</text:p></table:table-cell><table:table-cell office:value-type="string" calcext:value-type="string"><text:p>ee26</text:p></table:table-cell></table:table-row><table:table-row table:style-name="ro1"><table:table-cell table:number-columns-repeated="2"/><table:table-cell office:value-type="string" calcext:value-type="string"><text:p>aa27</text:p></table:table-cell><table:table-cell office:value-type="string" calcext:value-type="string"><text:p>bb27</text:p></table:table-cell><table:table-cell office:value-type="string" calcext:value-type="string"><text:p>cc27</text:p></table:table-cell><table:table-cell office:value-type="string" calcext:value-type="string"><text:p>dd27</text:p></table:table-cell><table:table-cell office:value-type="string" calcext:value-type="string"><text:p>ee27</text:p></table:table-cell></table:table-row><table:table-row table:style-name="ro1"><table:table-cell table:number-columns-repeated="6"/><table:table-cell office:value-type="string" calcext:value-type="string"><text:p>ee28</text:p></table:table-cell></table:table-row></table:table><table:named-expressions/></office:spreadsheet></office:body></office:document-content>